date,삼성전자,SK하이닉스,HD한국조선해양,한화오션,삼성중공업,HD현대일렉트릭,효성중공업,LS ELECTRIC,대한전선,한화에어로스페이스,현대로템,LIG넥스원,한국항공우주,현대차
2025-06-16,57200.0,248000.0,367500.0,85300.0,18070.0,456500.0,771000.0,57200.0,15940.0,970000.0,198600.0,554000.0,98800.0,201500.0
2025-06-17,58100.0,249000.0,365000.0,92000.0,17870.0,470500.0,766000.0,56200.0,15800.0,954000.0,198000.0,561000.0,96500.0,205000.0
2025-06-18,59800.0,246500.0,368500.0,92400.0,17850.0,467000.0,804000.0,56000.0,15870.0,927000.0,196500.0,563000.0,96900.0,206000.0
2025-06-19,59200.0,246000.0,379000.0,89200.0,17440.0,473000.0,844000.0,55500.0,16030.0,934000.0,212000.0,593000.0,97300.0,207000.0
2025-06-20,59500.0,257000.0,375500.0,88600.0,16870.0,470000.0,827000.0,55100.0,16530.0,938000.0,212000.0,609000.0,94900.0,210000.0
2025-06-23,58000.0,259500.0,375500.0,86300.0,16650.0,474000.0,827000.0,53800.0,17550.0,919000.0,214000.0,630000.0,95000.0,201500.0
2025-06-24,60500.0,278500.0,392000.0,87400.0,17060.0,482000.0,826000.0,62200.0,17570.0,895000.0,200000.0,554000.0,91100.0,206000.0
2025-06-25,61300.0,286000.0,364000.0,82500.0,16530.0,497000.0,856000.0,59100.0,17220.0,856000.0,191800.0,527000.0,89900.0,217000.0
2025-06-26,60200.0,293000.0,362500.0,80300.0,16320.0,484000.0,863000.0,56800.0,16610.0,878000.0,196700.0,524000.0,94700.0,209500.0
2025-06-27,60800.0,284000.0,364000.0,79400.0,16160.0,487500.0,857000.0,57000.0,16440.0,890000.0,201000.0,543000.0,91200.0,205000.0
2025-06-30,59800.0,292000.0,366000.0,79400.0,16760.0,507000.0,891000.0,59800.0,17240.0,848000.0,196500.0,540000.0,89800.0,203500.0
2025-07-01,60200.0,285500.0,365000.0,78800.0,16780.0,508000.0,905000.0,59100.0,17250.0,839000.0,201000.0,538000.0,89800.0,210000.0
2025-07-02,60800.0,279000.0,344000.0,76600.0,16540.0,487500.0,938000.0,56800.0,16600.0,819000.0,203000.0,523000.0,89400.0,213500.0
2025-07-03,63800.0,278500.0,330500.0,77000.0,16290.0,454500.0,907000.0,55300.0,16010.0,817000.0,196100.0,516000.0,88900.0,214500.0
2025-07-04,63300.0,270500.0,307000.0,73100.0,15720.0,432000.0,889000.0,52400.0,15470.0,779000.0,180600.0,490500.0,84700.0,210500.0
2025-07-07,61700.0,271000.0,315000.0,73900.0,16210.0,437000.0,903000.0,52500.0,15530.0,805000.0,184500.0,500000.0,85500.0,208500.0
2025-07-08,61400.0,282000.0,320500.0,76700.0,17320.0,451000.0,960000.0,53900.0,15750.0,815000.0,184400.0,524000.0,86100.0,211000.0
2025-07-09,60400.0,281000.0,327500.0,78100.0,17770.0,452000.0,943000.0,54500.0,16080.0,850000.0,195700.0,569000.0,86900.0,209500.0
2025-07-10,61000.0,297000.0,329000.0,78200.0,17880.0,460000.0,975000.0,55600.0,16050.0,853000.0,193900.0,591000.0,86700.0,208000.0
2025-07-11,62600.0,294500.0,321000.0,77500.0,17540.0,442500.0,978000.0,53100.0,15910.0,806000.0,184800.0,570000.0,85900.0,208000.0
2025-07-14,62500.0,300000.0,325000.0,76600.0,17440.0,450500.0,1008000.0,52900.0,15680.0,807000.0,191000.0,589000.0,85400.0,217000.0
2025-07-15,63700.0,298500.0,328000.0,78000.0,18040.0,474000.0,1035000.0,55600.0,16020.0,848000.0,193600.0,610000.0,88900.0,211000.0
2025-07-16,64700.0,296000.0,330500.0,78000.0,17900.0,483000.0,1066000.0,55700.0,15900.0,854000.0,192500.0,611000.0,88200.0,207500.0
2025-07-17,66700.0,269500.0,332000.0,80700.0,18910.0,476000.0,1058000.0,55400.0,15900.0,896000.0,197600.0,628000.0,90300.0,210000.0
2025-07-18,67100.0,269000.0,331500.0,80400.0,18790.0,482500.0,1058000.0,57300.0,16000.0,896000.0,194300.0,631000.0,90400.0,210500.0
2025-07-21,67800.0,272500.0,341000.0,84400.0,19400.0,495000.0,1053000.0,56900.0,16020.0,919000.0,199800.0,630000.0,91500.0,209000.0
2025-07-22,66000.0,268500.0,337500.0,86100.0,19570.0,468000.0,1040000.0,55200.0,15770.0,922000.0,193100.0,591000.0,89900.0,206500.0
2025-07-23,66400.0,269000.0,334500.0,83500.0,19140.0,479500.0,1059000.0,56000.0,16220.0,910000.0,192500.0,593000.0,92200.0,222000.0
2025-07-24,66000.0,269500.0,337500.0,88800.0,19450.0,492000.0,1122000.0,57800.0,15980.0,941000.0,189100.0,584000.0,92600.0,217500.0
2025-07-25,65900.0,266000.0,354000.0,90000.0,18870.0,489000.0,1125000.0,57500.0,15820.0,945000.0,196700.0,598000.0,92800.0,216500.0
2025-07-28,70400.0,262000.0,353500.0,97600.0,18630.0,489000.0,1286000.0,58400.0,15880.0,953000.0,194600.0,601000.0,98500.0,218500.0
2025-07-29,70600.0,262500.0,346000.0,96800.0,18740.0,495000.0,1293000.0,60800.0,15780.0,998000.0,206000.0,622000.0,100500.0,218000.0
2025-07-30,72600.0,263500.0,354500.0,99000.0,18950.0,497000.0,1241000.0,59400.0,15610.0,977000.0,198500.0,615000.0,94500.0,223000.0
2025-07-31,71400.0,273500.0,359000.0,112300.0,19040.0,501000.0,1226000.0,62100.0,15730.0,996000.0,202000.0,628000.0,94500.0,213000.0
2025-08-01,68900.0,258000.0,343000.0,117400.0,18580.0,484000.0,1169000.0,58500.0,15110.0,939000.0,194000.0,592000.0,90900.0,210000.0
2025-08-04,69700.0,258000.0,337500.0,114300.0,18790.0,494000.0,1200000.0,60700.0,15880.0,938000.0,200000.0,600000.0,92800.0,211000.0
2025-08-05,69900.0,263500.0,356500.0,116100.0,19750.0,504000.0,1282000.0,65800.0,16450.0,961000.0,201000.0,614000.0,94600.0,210500.0
2025-08-06,68800.0,258500.0,350000.0,114200.0,19600.0,507000.0,1278000.0,65200.0,16420.0,936000.0,197400.0,603000.0,95100.0,210500.0
2025-08-07,70500.0,262000.0,364000.0,117000.0,19590.0,502000.0,1224000.0,65100.0,16840.0,932000.0,192900.0,603000.0,93500.0,212500.0
2025-08-08,71800.0,256500.0,365000.0,117700.0,19320.0,489000.0,1190000.0,63300.0,16710.0,881000.0,183500.0,513000.0,90800.0,212500.0
2025-08-11,71000.0,267000.0,363500.0,107000.0,19120.0,497500.0,1205000.0,62600.0,17000.0,880000.0,181100.0,503000.0,90200.0,212500.0
2025-08-12,71100.0,269000.0,356000.0,104000.0,18810.0,473500.0,1207000.0,61400.0,16670.0,851000.0,178300.0,499000.0,88300.0,213000.0
2025-08-13,71900.0,278000.0,379500.0,106300.0,19030.0,487500.0,1227000.0,61500.0,16700.0,878000.0,181100.0,502000.0,89400.0,216000.0
2025-08-14,71600.0,276500.0,378500.0,106600.0,18890.0,487500.0,1215000.0,61400.0,16800.0,883000.0,179700.0,506000.0,90900.0,217500.0
2025-08-18,70000.0,267500.0,369500.0,109200.0,19290.0,460000.0,1177000.0,57200.0,16340.0,888000.0,178900.0,509000.0,90800.0,216500.0
2025-08-19,70000.0,263000.0,355000.0,106000.0,18680.0,460000.0,1160000.0,55200.0,16020.0,827000.0,174200.0,484500.0,86600.0,219000.0
2025-08-20,70500.0,255500.0,349500.0,105200.0,18930.0,446500.0,1115000.0,51900.0,15570.0,816000.0,170700.0,476000.0,88000.0,220500.0
2025-08-21,70600.0,245000.0,355500.0,111400.0,19250.0,458500.0,1135000.0,52700.0,15490.0,834000.0,173800.0,495500.0,89000.0,221500.0
2025-08-22,71400.0,251000.0,360500.0,114000.0,19850.0,490000.0,1199000.0,56300.0,15740.0,891000.0,181000.0,524000.0,92400.0,220000.0
2025-08-25,71500.0,259500.0,368000.0,114900.0,20000.0,500000.0,1244000.0,57300.0,15890.0,903000.0,183100.0,521000.0,94200.0,222000.0
2025-08-26,70300.0,261500.0,347000.0,107800.0,20600.0,501000.0,1251000.0,57200.0,16000.0,900000.0,183700.0,522000.0,94200.0,218500.0
2025-08-27,70600.0,260000.0,369500.0,110900.0,22000.0,496500.0,1230000.0,57400.0,16050.0,907000.0,182000.0,494500.0,93500.0,220000.0
2025-08-28,69600.0,268500.0,408500.0,109800.0,21400.0,494000.0,1229000.0,56700.0,15780.0,908000.0,187800.0,497000.0,96300.0,222000.0
2025-08-29,69700.0,269000.0,406500.0,112000.0,21300.0,492500.0,1240000.0,56900.0,15670.0,884000.0,192100.0,489500.0,95200.0,220000.0
2025-09-01,67600.0,256000.0,415000.0,116400.0,20800.0,487000.0,1216000.0,54800.0,15260.0,916000.0,192000.0,493000.0,93500.0,220500.0
2025-09-02,69100.0,260500.0,414500.0,123200.0,21050.0,494500.0,1233000.0,54800.0,15240.0,933000.0,198800.0,502000.0,97000.0,220000.0
2025-09-03,69800.0,262500.0,411000.0,117700.0,21050.0,501000.0,1258000.0,58500.0,15290.0,941000.0,203500.0,500000.0,96500.0,221500.0
2025-09-04,70100.0,265500.0,422000.0,118900.0,20950.0,493000.0,1209000.0,58200.0,15160.0,931000.0,204500.0,494000.0,95700.0,221500.0
2025-09-05,69500.0,273500.0,428500.0,112500.0,21100.0,517000.0,1232000.0,58600.0,15200.0,920000.0,205000.0,476000.0,94400.0,220000.0
2025-09-08,70100.0,277000.0,424500.0,110900.0,21250.0,509000.0,1204000.0,57500.0,14840.0,951000.0,210500.0,481000.0,97100.0,218500.0
2025-09-09,71500.0,288000.0,414000.0,110000.0,21050.0,516000.0,1252000.0,58500.0,15410.0,945000.0,207500.0,473500.0,95100.0,219000.0
2025-09-10,72600.0,304000.0,414500.0,110700.0,21550.0,560000.0,1393000.0,61700.0,16170.0,967000.0,208500.0,497000.0,96800.0,220500.0
2025-09-11,73400.0,307000.0,423000.0,112600.0,22350.0,585000.0,1386000.0,63200.0,16720.0,1005000.0,212500.0,503000.0,102000.0,223000.0
2025-09-12,75400.0,328500.0,416500.0,113200.0,22000.0,595000.0,1445000.0,63200.0,16470.0,1002000.0,215000.0,504000.0,99100.0,223500.0
2025-09-15,76500.0,331000.0,411500.0,109500.0,21600.0,594000.0,1424000.0,62500.0,16240.0,986000.0,215000.0,495000.0,97600.0,215000.0
2025-09-16,79400.0,348000.0,416000.0,110800.0,21500.0,594000.0,1381000.0,61800.0,16290.0,1041000.0,223000.0,542000.0,100200.0,215000.0
2025-09-17,78200.0,333500.0,416000.0,113000.0,21550.0,588000.0,1375000.0,60700.0,16000.0,1030000.0,211500.0,517000.0,115000.0,216000.0
2025-09-18,80300.0,355500.0,411000.0,110800.0,21300.0,594000.0,1393000.0,60700.0,15900.0,1024000.0,211500.0,510000.0,106900.0,216500.0
2025-09-22,83500.0,351000.0,403000.0,109600.0,21250.0,585000.0,1408000.0,58600.0,15900.0,1022000.0,221000.0,496000.0,106500.0,218000.0
2025-09-23,84700.0,361000.0,399500.0,110500.0,21300.0,594000.0,1397000.0,58600.0,15930.0,1004000.0,223500.0,493500.0,105400.0,219000.0
2025-09-24,85400.0,357500.0,407500.0,110600.0,21850.0,588000.0,1378000.0,57300.0,15740.0,1058000.0,228000.0,496000.0,109000.0,217500.0
2025-09-25,86100.0,356500.0,403000.0,109600.0,21950.0,587000.0,1353000.0,55700.0,15530.0,1048000.0,218500.0,494000.0,109500.0,217000.0
2025-09-26,83300.0,336500.0,397500.0,107000.0,20850.0,569000.0,1328000.0,54600.0,15160.0,1044000.0,212500.0,491000.0,107100.0,214500.0
2025-09-29,84200.0,349000.0,400000.0,107000.0,21350.0,578000.0,1337000.0,54900.0,15080.0,1059000.0,215500.0,507000.0,108800.0,215000.0
2025-09-30,83900.0,347500.0,411000.0,110300.0,21900.0,582000.0,1340000.0,56900.0,15520.0,1107000.0,219000.0,513000.0,108000.0,215000.0
2025-10-01,86000.0,360000.0,414500.0,110400.0,21850.0,596000.0,1375000.0,57800.0,15500.0,1099000.0,222500.0,507000.0,106700.0,215500.0
2025-10-02,89750.0,395500.0,414500.0,110650.0,21850.0,622000.0,1418000.0,58200.0,15960.0,1097000.0,226500.0,505000.0,107000.0,220000.0
2025-10-10,94400.0,428000.0,415000.0,109300.0,22400.0,660000.0,1498000.0,60400.0,16480.0,1042000.0,220000.0,480000.0,107000.0,217000.0
2025-10-13,93300.0,415000.0,420000.0,109400.0,22250.0,666000.0,1446000.0,59200.0,18140.0,993000.0,210000.0,465000.0,101400.0,218500.0
2025-10-14,91600.0,411500.0,408000.0,103100.0,21200.0,648000.0,1465000.0,58900.0,17240.0,933000.0,202000.0,447000.0,98600.0,223000.0
2025-10-15,95000.0,422500.0,427500.0,105100.0,21550.0,668000.0,1640000.0,61100.0,17490.0,954000.0,213500.0,457000.0,100000.0,223500.0
2025-10-16,97700.0,452500.0,422500.0,109100.0,22300.0,685000.0,1614000.0,61000.0,17900.0,936000.0,207000.0,445000.0,98700.0,242000.0
2025-10-17,97900.0,465500.0,420500.0,107200.0,22550.0,667000.0,1580000.0,60400.0,17570.0,912000.0,201500.0,433500.0,95600.0,243000.0
2025-10-20,98100.0,485500.0,423500.0,113700.0,22600.0,681000.0,1660000.0,63900.0,17830.0,953000.0,211000.0,443500.0,97500.0,248000.0
2025-10-21,97500.0,479000.0,438500.0,120700.0,23700.0,678000.0,1681000.0,62200.0,17620.0,974000.0,211500.0,443500.0,100500.0,256500.0
2025-10-22,98600.0,481500.0,462000.0,132400.0,24100.0,686000.0,1721000.0,63900.0,17640.0,1007000.0,234500.0,450000.0,100600.0,261000.0
2025-10-23,96500.0,478500.0,446000.0,134900.0,23900.0,746000.0,1851000.0,73400.0,17930.0,1049000.0,241500.0,460500.0,101300.0,252000.0
2025-10-24,98800.0,510000.0,447000.0,135200.0,24800.0,780000.0,1903000.0,73700.0,18650.0,1013000.0,234500.0,485000.0,101600.0,252500.0
2025-10-27,102000.0,535000.0,473000.0,139700.0,29100.0,820000.0,1920000.0,75000.0,18960.0,1039000.0,234000.0,507000.0,104700.0,254500.0
2025-10-28,99500.0,521000.0,460000.0,131500.0,29950.0,839000.0,1915000.0,76900.0,19970.0,996000.0,238000.0,504000.0,103700.0,250500.0
2025-10-29,100500.0,558000.0,462000.0,131900.0,30000.0,852000.0,1999000.0,84000.0,21700.0,993000.0,230500.0,511000.0,102300.0,258000.0
2025-10-30,104100.0,568000.0,461500.0,141000.0,30300.0,885000.0,2100000.0,87900.0,21050.0,994000.0,231500.0,513000.0,105500.0,265000.0
2025-10-31,107500.0,559000.0,474000.0,137600.0,29550.0,870000.0,2135000.0,87000.0,24200.0,979000.0,230500.0,519000.0,103400.0,290000.0
2025-11-03,111100.0,620000.0,479500.0,138800.0,28950.0,949000.0,2328000.0,97700.0,25150.0,1042000.0,244500.0,533000.0,108900.0,291500.0
2025-11-04,104900.0,586000.0,457500.0,136600.0,28700.0,918000.0,2287000.0,96000.0,27100.0,1010000.0,230000.0,523000.0,108100.0,276000.0
2025-11-05,100600.0,579000.0,428500.0,126400.0,27450.0,868000.0,2219000.0,90300.0,26300.0,950000.0,214500.0,477000.0,100000.0,268500.0
2025-11-06,99200.0,593000.0,418500.0,123000.0,26150.0,875000.0,2255000.0,92500.0,24500.0,970000.0,212000.0,481000.0,98700.0,269000.0
2025-11-07,97900.0,580000.0,415500.0,126800.0,26300.0,818000.0,2188000.0,88000.0,24750.0,923000.0,198700.0,401500.0,97000.0,264000.0
2025-11-10,100600.0,606000.0,424500.0,129600.0,27050.0,857000.0,2254000.0,95600.0,24950.0,965000.0,208000.0,418000.0,101200.0,270500.0
2025-11-11,103500.0,619000.0,418000.0,126600.0,26400.0,860000.0,2304000.0,98300.0,25150.0,948000.0,196700.0,409000.0,101800.0,269000.0
2025-11-12,103100.0,617000.0,426000.0,126500.0,26250.0,848000.0,2220000.0,97800.0,25600.0,960000.0,195900.0,403500.0,103800.0,275500.0
2025-11-13,102800.0,612000.0,439000.0,130500.0,26500.0,866000.0,2253000.0,96700.0,26850.0,956000.0,195500.0,408500.0,103200.0,278500.0
2025-11-14,97200.0,560000.0,432000.0,129100.0,26300.0,824000.0,2125000.0,90600.0,24950.0,955000.0,196700.0,408000.0,103100.0,272500.0
2025-11-17,100600.0,606000.0,436500.0,130900.0,26200.0,840000.0,2166000.0,94000.0,24750.0,979000.0,196800.0,425000.0,111200.0,271500.0
2025-11-18,97800.0,570000.0,426000.0,127800.0,25300.0,812000.0,2077000.0,91800.0,23650.0,921000.0,187300.0,400500.0,112500.0,264500.0
2025-11-19,96500.0,562000.0,418000.0,123000.0,25350.0,783000.0,2018000.0,95000.0,23000.0,905000.0,186800.0,406500.0,106800.0,264000.0
2025-11-20,100600.0,571000.0,433500.0,125000.0,26450.0,815000.0,2020000.0,101200.0,24100.0,916000.0,190000.0,416500.0,107300.0,262000.0
2025-11-21,94800.0,521000.0,420000.0,119800.0,25350.0,751000.0,1910000.0,88200.0,22500.0,869000.0,182800.0,402000.0,106600.0,259500.0
2025-11-24,96700.0,520000.0,434000.0,118800.0,25050.0,750000.0,1903000.0,87200.0,21800.0,855000.0,175000.0,394000.0,103900.0,257500.0
2025-11-25,99300.0,519000.0,420000.0,113000.0,24800.0,780000.0,1940000.0,88000.0,21850.0,859000.0,177200.0,384500.0,108600.0,257500.0
2025-11-26,102800.0,524000.0,428000.0,113900.0,25350.0,797000.0,1960000.0,89700.0,22200.0,871000.0,179400.0,392000.0,110300.0,261500.0
2025-11-27,103500.0,544000.0,427000.0,110500.0,25300.0,798000.0,2000000.0,93400.0,22300.0,863000.0,179200.0,389500.0,108900.0,261500.0
2025-11-28,100500.0,530000.0,410000.0,107800.0,24600.0,775000.0,1901000.0,92000.0,22200.0,852000.0,175700.0,383000.0,108900.0,261500.0
2025-12-01,100800.0,538000.0,403000.0,105000.0,24200.0,746000.0,1806000.0,88600.0,21550.0,813000.0,170400.0,368000.0,107000.0,254500.0
2025-12-02,103400.0,558000.0,413000.0,106100.0,24500.0,781000.0,1861000.0,94500.0,22800.0,824000.0,169500.0,364500.0,105400.0,266000.0
2025-12-03,104500.0,552000.0,423000.0,108200.0,24700.0,820000.0,1895000.0,95700.0,22950.0,866000.0,174600.0,374500.0,107300.0,266500.0
2025-12-04,105100.0,542000.0,419000.0,106500.0,24650.0,798000.0,1848000.0,97300.0,22700.0,855000.0,176200.0,368000.0,105500.0,283500.0
2025-12-05,108400.0,544000.0,432000.0,108500.0,25450.0,832000.0,2012000.0,103000.0,23250.0,895000.0,182000.0,372500.0,106200.0,315000.0
2025-12-08,109500.0,577000.0,439000.0,114000.0,25900.0,842000.0,1987000.0,103600.0,22750.0,937000.0,192100.0,387000.0,110000.0,315500.0
2025-12-09,108400.0,566000.0,447500.0,115200.0,27050.0,848000.0,1948000.0,98400.0,22850.0,960000.0,192200.0,388500.0,109000.0,307000.0
2025-12-10,108000.0,587000.0,442000.0,112500.0,26250.0,849000.0,1945000.0,100200.0,22500.0,923000.0,187000.0,382500.0,109100.0,302500.0
2025-12-11,107300.0,565000.0,445500.0,113100.0,25800.0,846000.0,1978000.0,99400.0,22300.0,904000.0,179200.0,372500.0,109600.0,295500.0
2025-12-12,108900.0,571000.0,449500.0,114100.0,26300.0,866000.0,1962000.0,101200.0,24000.0,961000.0,186400.0,383000.0,115100.0,301500.0
2025-12-15,104800.0,554000.0,437000.0,113300.0,25700.0,830000.0,1901000.0,96600.0,24400.0,908000.0,181400.0,387000.0,112800.0,293500.0
2025-12-16,102800.0,530000.0,422500.0,108700.0,24900.0,825000.0,1898000.0,95800.0,23700.0,875000.0,181400.0,377500.0,108600.0,286000.0
2025-12-17,107900.0,551000.0,421500.0,108300.0,24450.0,822000.0,1910000.0,94800.0,23000.0,870000.0,180200.0,385000.0,106700.0,286000.0
2025-12-18,107600.0,552000.0,409000.0,103500.0,23800.0,790000.0,1812000.0,92300.0,22200.0,851000.0,175000.0,383000.0,109400.0,282500.0
2025-12-19,106300.0,547000.0,421000.0,109500.0,25400.0,807000.0,1850000.0,94200.0,22650.0,884000.0,179300.0,416000.0,108800.0,288500.0
2025-12-22,110500.0,580000.0,418500.0,109700.0,24850.0,805000.0,1850000.0,95000.0,23350.0,886000.0,183000.0,418000.0,113000.0,289000.0
2025-12-23,111500.0,584000.0,432000.0,123400.0,25150.0,794000.0,1828000.0,92800.0,22700.0,900000.0,188700.0,417000.0,113800.0,287000.0
2025-12-24,111100.0,588000.0,416000.0,119000.0,24500.0,780000.0,1790000.0,92900.0,22550.0,878000.0,183600.0,414000.0,113800.0,289000.0
2025-12-26,117000.0,599000.0,403000.0,116500.0,23950.0,764000.0,1757000.0,91000.0,21900.0,870000.0,179800.0,398000.0,110100.0,286000.0
2025-12-29,119500.0,640000.0,410500.0,115600.0,24600.0,788000.0,1840000.0,94900.0,23750.0,949000.0,189600.0,431000.0,117500.0,293500.0
2025-12-30,119900.0,651000.0,407000.0,113600.0,24100.0,774000.0,1781000.0,92000.0,22900.0,941000.0,187900.0,421000.0,114400.0,296500.0
2026-01-02,128500.0,677000.0,393500.0,114700.0,24150.0,819000.0,1845000.0,98500.0,23800.0,946000.0,193400.0,439000.0,116800.0,298500.0
2026-01-05,138100.0,696000.0,401000.0,117900.0,24450.0,868000.0,1913000.0,101600.0,25700.0,1012000.0,198800.0,468500.0,124400.0,304500.0
2026-01-06,138900.0,726000.0,414000.0,119800.0,24800.0,834000.0,1845000.0,98400.0,26100.0,1022000.0,206500.0,495000.0,136100.0,308000.0
2026-01-07,141000.0,742000.0,418000.0,121200.0,25350.0,821000.0,1825000.0,95100.0,26300.0,1010000.0,202500.0,489500.0,136100.0,350500.0
2026-01-08,138800.0,756000.0,424500.0,129700.0,26350.0,862000.0,1839000.0,96500.0,25950.0,1090000.0,211000.0,531000.0,142800.0,340500.0
2026-01-09,139000.0,744000.0,447000.0,134400.0,28650.0,848000.0,1885000.0,95200.0,26050.0,1214000.0,219000.0,542000.0,149800.0,366000.0
2026-01-12,138800.0,749000.0,450500.0,145700.0,28150.0,876000.0,2013000.0,99200.0,26850.0,1212000.0,218000.0,560000.0,153900.0,367000.0
2026-01-13,137600.0,738000.0,462500.0,149900.0,28950.0,886000.0,2032000.0,99300.0,26500.0,1282000.0,232000.0,570000.0,157300.0,406000.0
2026-01-14,140300.0,742000.0,427500.0,142000.0,28350.0,922000.0,2125000.0,107800.0,25750.0,1269000.0,223000.0,556000.0,154400.0,411500.0
2026-01-15,143900.0,749000.0,440000.0,148900.0,30150.0,892000.0,2243000.0,105200.0,25900.0,1294000.0,219500.0,556000.0,166600.0,422000.0
2026-01-16,148900.0,756000.0,438500.0,147000.0,29750.0,906000.0,2333000.0,106600.0,25750.0,1299000.0,215000.0,535000.0,155900.0,413000.0
2026-01-19,149300.0,764000.0,444500.0,148800.0,31850.0,918000.0,2360000.0,106600.0,26000.0,1330000.0,215000.0,554000.0,165500.0,480000.0
2026-01-20,145200.0,743000.0,443000.0,147100.0,30850.0,915000.0,2344000.0,105000.0,27950.0,1309000.0,218500.0,550000.0,165700.0,479000.0
2026-01-21,149500.0,740000.0,428500.0,141500.0,30550.0,894000.0,2319000.0,101200.0,26900.0,1315000.0,215500.0,543000.0,164200.0,549000.0
2026-01-22,152300.0,755000.0,424500.0,137700.0,30100.0,888000.0,2349000.0,103400.0,28150.0,1289000.0,206500.0,529000.0,165700.0,529000.0
2026-01-23,152100.0,767000.0,436000.0,140300.0,30400.0,884000.0,2347000.0,101800.0,27300.0,1255000.0,207500.0,528000.0,162900.0,510000.0
2026-01-26,152100.0,736000.0,424000.0,139800.0,29900.0,872000.0,2344000.0,100200.0,26600.0,1262000.0,213000.0,529000.0,167400.0,492500.0
2026-01-27,159500.0,800000.0,426500.0,140500.0,30300.0,901000.0,2387000.0,107400.0,26750.0,1230000.0,211500.0,512000.0,164000.0,488500.0
2026-01-28,162400.0,841000.0,422500.0,143400.0,30200.0,902000.0,2518000.0,114400.0,27000.0,1288000.0,223000.0,527000.0,166800.0,492500.0
2026-01-29,160700.0,861000.0,421000.0,141900.0,29800.0,897000.0,2546000.0,111400.0,28300.0,1300000.0,226500.0,525000.0,168900.0,528000.0
2026-01-30,160500.0,909000.0,413500.0,138500.0,29450.0,889000.0,2603000.0,113200.0,29400.0,1300000.0,230500.0,481500.0,168300.0,500000.0
2026-02-02,150400.0,830000.0,401500.0,133600.0,27400.0,836000.0,2281000.0,105200.0,26650.0,1239000.0,214500.0,454000.0,160000.0,478000.0
2026-02-03,167500.0,907000.0,417500.0,141400.0,28650.0,889000.0,2367000.0,122400.0,30800.0,1299000.0,222000.0,463500.0,163700.0,491500.0
2026-02-04,169100.0,900000.0,424500.0,144000.0,29250.0,924000.0,2384000.0,127800.0,33500.0,1324000.0,228500.0,469000.0,171200.0,504000.0
2026-02-05,159300.0,842000.0,409000.0,135600.0,28100.0,873000.0,2334000.0,123800.0,31800.0,1227000.0,207000.0,434500.0,162000.0,488500.0
2026-02-06,158600.0,839000.0,395500.0,130600.0,27500.0,840000.0,2211000.0,119000.0,30250.0,1181000.0,202500.0,427000.0,158300.0,467500.0
2026-02-09,166400.0,887000.0,390000.0,133200.0,27950.0,933000.0,2396000.0,129200.0,31550.0,1193000.0,212500.0,448000.0,162600.0,478000.0
2026-02-10,165800.0,876000.0,382000.0,130900.0,27850.0,939000.0,2347000.0,127400.0,31100.0,1146000.0,200000.0,461000.0,161300.0,480500.0
2026-02-11,167800.0,860000.0,390000.0,129700.0,28000.0,995000.0,2401000.0,133400.0,31000.0,1130000.0,202500.0,457500.0,162400.0,509000.0
2026-02-12,178600.0,888000.0,397000.0,131800.0,28150.0,966000.0,2405000.0,134200.0,31850.0,1131000.0,206000.0,455500.0,165500.0,506000.0
2026-02-13,181200.0,880000.0,397500.0,129800.0,27700.0,949000.0,2384000.0,132200.0,31550.0,1105000.0,201500.0,460000.0,176700.0,499000.0
2026-02-19,190000.0,894000.0,422500.0,140600.0,28900.0,967000.0,2453000.0,135200.0,32650.0,1149000.0,210000.0,463000.0,175400.0,513000.0
2026-02-20,190100.0,949000.0,452000.0,149900.0,29500.0,1011000.0,2633000.0,138200.0,32900.0,1242000.0,220000.0,486500.0,177900.0,509000.0
2026-02-23,193000.0,951000.0,472000.0,147200.0,29250.0,1067000.0,2744000.0,144400.0,34250.0,1236000.0,221500.0,489500.0,175600.0,523000.0
2026-02-24,200000.0,1005000.0,457500.0,143100.0,29000.0,1070000.0,2758000.0,149200.0,33900.0,1241000.0,221500.0,521000.0,183600.0,524000.0
2026-02-25,203500.0,1018000.0,467500.0,142000.0,28950.0,1065000.0,2763000.0,150600.0,34000.0,1212000.0,222500.0,509000.0,182500.0,572000.0
2026-02-26,218000.0,1099000.0,452000.0,140000.0,28700.0,1111000.0,2898000.0,160600.0,35350.0,1194000.0,220000.0,503000.0,183900.0,609000.0
2026-02-27,216500.0,1061000.0,450000.0,141200.0,28950.0,1050000.0,2823000.0,157400.0,36000.0,1195000.0,230500.0,509000.0,191500.0,674000.0
2026-03-03,195100.0,939000.0,441500.0,135400.0,28000.0,987000.0,2606000.0,142800.0,32050.0,1432000.0,249000.0,661000.0,197600.0,595000.0
2026-03-04,172200.0,849000.0,379000.0,108500.0,23500.0,871000.0,2297000.0,125200.0,26050.0,1323000.0,202000.0,619000.0,158500.0,501000.0
2026-03-05,191600.0,941000.0,407000.0,122100.0,27200.0,984000.0,2484000.0,140200.0,29150.0,1381000.0,225500.0,763000.0,179000.0,548000.0
2026-03-06,188200.0,924000.0,402000.0,126700.0,27600.0,968000.0,2478000.0,140800.0,30250.0,1481000.0,233000.0,834000.0,183300.0,553000.0
2026-03-09,173500.0,836000.0,400000.0,123700.0,28550.0,907000.0,2389000.0,136200.0,28750.0,1434000.0,215000.0,796000.0,174100.0,507000.0
2026-03-10,187900.0,938000.0,404000.0,124400.0,27850.0,941000.0,2550000.0,144800.0,29650.0,1455000.0,207500.0,759000.0,174100.0,525000.0
2026-03-11,190000.0,955000.0,420000.0,133600.0,28800.0,939000.0,2533000.0,144400.0,30350.0,1410000.0,203000.0,742000.0,175400.0,530000.0
2026-03-12,187900.0,930000.0,425000.0,136700.0,30850.0,944000.0,2561000.0,148000.0,30200.0,1465000.0,206000.0,755000.0,179800.0,521000.0
2026-03-13,183500.0,910000.0,416000.0,136900.0,30700.0,929000.0,2593000.0,149400.0,29950.0,1488000.0,198500.0,723000.0,182700.0,517000.0
2026-03-16,188700.0,974000.0,409500.0,131900.0,28750.0,905000.0,2517000.0,146600.0,29350.0,1476000.0,193200.0,730000.0,191200.0,506000.0
2026-03-17,193900.0,970000.0,420000.0,132700.0,29150.0,931000.0,2546000.0,152400.0,29550.0,1396000.0,192900.0,705000.0,202000.0,522000.0
2026-03-18,208500.0,1056000.0,425000.0,132900.0,29100.0,974000.0,2731000.0,166600.0,30800.0,1390000.0,193000.0,689000.0,194300.0,545000.0
2026-03-19,200500.0,1013000.0,413500.0,130000.0,28500.0,958000.0,2693000.0,174600.0,30100.0,1375000.0,186300.0,702000.0,190400.0,522000.0
2026-03-20,199400.0,1007000.0,404500.0,129100.0,28550.0,959000.0,2735000.0,177200.0,30700.0,1320000.0,180100.0,661000.0,185700.0,517000.0
2026-03-23,186300.0,933000.0,366000.0,118900.0,26000.0,913000.0,2589000.0,164600.0,28200.0,1278000.0,168900.0,640000.0,169900.0,485000.0
2026-03-24,189700.0,986000.0,379500.0,122300.0,26400.0,925000.0,2701000.0,162600.0,28950.0,1335000.0,177900.0,641000.0,176300.0,492000.0
2026-03-25,189000.0,995000.0,385000.0,124700.0,26850.0,992000.0,2990000.0,168800.0,30300.0,1400000.0,190700.0,734000.0,185000.0,501000.0
2026-03-26,180100.0,933000.0,375000.0,125700.0,26350.0,965000.0,2860000.0,166800.0,29000.0,1369000.0,189800.0,735000.0,188000.0,490000.0
2026-03-27,180100.0,933000.0,367000.0,125700.0,26350.0,915000.0,2676000.0,160200.0,28250.0,1369000.0,184200.0,735000.0,186500.0,495000.0
2026-03-30,176300.0,873000.0,347000.0,118200.0,24500.0,872000.0,2503000.0,155000.0,27800.0,1308000.0,180000.0,686000.0,174200.0,469500.0
2026-03-31,167200.0,807000.0,344000.0,120200.0,24450.0,832000.0,2456000.0,143600.0,26700.0,1249000.0,169500.0,611000.0,164700.0,445500.0
2026-04-01,189650.0,897000.0,372500.0,126700.0,26950.0,897000.0,2654000.0,158800.0,30050.0,1331000.0,188900.0,794000.0,187800.0,487500.0
2026-04-02,178400.0,830000.0,350500.0,119300.0,26900.0,882000.0,2518000.0,151800.0,28650.0,1417000.0,201500.0,784000.0,184200.0,465500.0
2026-04-03,186200.0,876000.0,375000.0,128000.0,27900.0,883000.0,2560000.0,153800.0,29200.0,1449000.0,210000.0,860000.0,182600.0,471000.0
2026-04-06,193100.0,886000.0,371500.0,122000.0,27000.0,894000.0,2633000.0,159800.0,28900.0,1450000.0,211000.0,810000.0,183100.0,469000.0
2026-04-07,196500.0,916000.0,376000.0,120900.0,26800.0,891000.0,2610000.0,157600.0,28150.0,1537000.0,211000.0,827000.0,186300.0,473000.0
2026-04-08,210500.0,1033000.0,389500.0,127700.0,28300.0,980000.0,2930000.0,157600.0,31400.0,1484000.0,206500.0,833000.0,190400.0,508000.0
2026-04-09,204000.0,998000.0,391000.0,123500.0,28150.0,980000.0,2882000.0,157600.0,30400.0,1451000.0,203000.0,887000.0,199900.0,489500.0
2026-04-10,206000.0,1027000.0,394000.0,123400.0,28550.0,999000.0,2940000.0,157600.0,31700.0,1507000.0,210000.0,921000.0,199900.0,489500.0
2026-04-13,201000.0,1040000.0,388500.0,120100.0,27600.0,1007000.0,3058000.0,179200.0,32000.0,1530000.0,207000.0,939000.0,192500.0,478500.0
2026-04-14,206500.0,1103000.0,396500.0,124100.0,27900.0,1061000.0,3042000.0,185600.0,32150.0,1523000.0,211500.0,934000.0,193300.0,491500.0
2026-04-15,211000.0,1136000.0,401500.0,125800.0,28100.0,1050000.0,2965000.0,186800.0,41250.0,1509000.0,210000.0,893000.0,190000.0,508000.0
2026-04-16,217500.0,1155000.0,408000.0,131900.0,28700.0,1085000.0,2990000.0,188600.0,42100.0,1519000.0,215000.0,883000.0,189900.0,534000.0
2026-04-17,216000.0,1128000.0,419500.0,130000.0,29050.0,1087000.0,2980000.0,186500.0,39300.0,1423000.0,216000.0,876000.0,188400.0,538000.0
2026-04-20,214500.0,1166000.0,413000.0,128700.0,28550.0,1087000.0,3010000.0,184200.0,40400.0,1425000.0,218500.0,921000.0,186800.0,527000.0
2026-04-21,219000.0,1224000.0,427500.0,131200.0,30200.0,1058000.0,3002000.0,184700.0,41550.0,1391000.0,221500.0,909000.0,182500.0,546000.0
2026-04-22,217500.0,1223000.0,463000.0,135000.0,31800.0,1090000.0,3084000.0,194200.0,41050.0,1416000.0,237500.0,1020000.0,185800.0,541000.0
2026-04-23,224500.0,1225000.0,461000.0,134400.0,34000.0,1129000.0,3268000.0,217000.0,40850.0,1425000.0,235500.0,966000.0,182500.0,532000.0
2026-04-24,219500.0,1222000.0,476000.0,134900.0,34400.0,1248000.0,3552000.0,226500.0,42850.0,1463000.0,233000.0,989000.0,171400.0,513000.0
2026-04-27,224500.0,1292000.0,479000.0,133500.0,33450.0,1306000.0,3941000.0,255500.0,43550.0,1454000.0,231000.0,950000.0,171700.0,524000.0
2026-04-28,222000.0,1300000.0,468500.0,133900.0,33350.0,1238000.0,3976000.0,261500.0,45900.0,1395000.0,244500.0,933000.0,168000.0,555000.0
2026-04-29,226000.0,1293000.0,472000.0,132300.0,33000.0,1260000.0,3982000.0,273000.0,51200.0,1420000.0,264000.0,968000.0,166300.0,556000.0
2026-04-30,220500.0,1286000.0,461500.0,131800.0,32350.0,1252000.0,3912000.0,278000.0,56300.0,1417000.0,268500.0,941000.0,169000.0,531000.0
2026-05-04,232500.0,1447000.0,469500.0,133000.0,32250.0,1299000.0,4228000.0,294000.0,60700.0,1465000.0,269000.0,983000.0,180000.0,539000.0
2026-05-06,266000.0,1601000.0,452500.0,130200.0,31850.0,1389000.0,4597000.0,315500.0,69200.0,1433000.0,262000.0,979000.0,176600.0,550000.0
2026-05-07,271500.0,1654000.0,467500.0,129900.0,33700.0,1420000.0,4601000.0,318500.0,64100.0,1317000.0,235000.0,866000.0,171800.0,572000.0
2026-05-08,268500.0,1686000.0,452000.0,126100.0,31950.0,1403000.0,4398000.0,313000.0,72300.0,1307000.0,223000.0,840000.0,166800.0,613000.0
2026-05-11,285500.0,1880000.0,474000.0,130500.0,33950.0,1362000.0,4333000.0,304000.0,70500.0,1315000.0,219500.0,875000.0,169500.0,646000.0
2026-05-12,279000.0,1835000.0,464500.0,122000.0,31400.0,1309000.0,4197000.0,289000.0,67200.0,1284000.0,215000.0,879000.0,165900.0,646000.0
2026-05-13,284000.0,1976000.0,460500.0,121400.0,31050.0,1280000.0,4197000.0,285000.0,65400.0,1286000.0,215000.0,873000.0,163500.0,710000.0
2026-05-14,296000.0,1970000.0,437500.0,120400.0,30150.0,1267000.0,4025000.0,280000.0,65500.0,1306000.0,212500.0,878000.0,172200.0,712000.0
2026-05-15,270500.0,1819000.0,416000.0,118100.0,29300.0,1179000.0,3745000.0,259000.0,60000.0,1216000.0,201500.0,834000.0,161100.0,700000.0
2026-05-18,281000.0,1840000.0,410000.0,115800.0,29550.0,1147000.0,3730000.0,253500.0,58100.0,1227000.0,201000.0,839000.0,161700.0,663000.0
2026-05-19,275500.0,1745000.0,400000.0,111900.0,28550.0,1095000.0,3580000.0,243500.0,53200.0,1286000.0,195600.0,862000.0,161800.0,604000.0
2026-05-20,276000.0,1745000.0,399000.0,110500.0,27650.0,1066000.0,3569000.0,238500.0,52000.0,1249000.0,190500.0,833000.0,158000.0,592000.0
2026-05-21,299500.0,1940000.0,415000.0,113600.0,28650.0,1136000.0,3929000.0,271500.0,56000.0,1248000.0,195500.0,862000.0,164500.0,666000.0
2026-05-22,292500.0,1941000.0,421000.0,122200.0,29500.0,1173000.0,4007000.0,281000.0,54800.0,1261000.0,206000.0,925000.0,168400.0,655000.0
2026-05-26,299000.0,2052000.0,445000.0,134700.0,30450.0,1148000.0,3834000.0,285000.0,53300.0,1251000.0,214000.0,913000.0,169900.0,689000.0
2026-05-27,307000.0,2243000.0,440500.0,134900.0,29450.0,1094000.0,3681000.0,261500.0,49550.0,1244000.0,207000.0,875000.0,165700.0,681000.0
2026-05-28,299500.0,2289000.0,415000.0,124200.0,28400.0,1047000.0,3653000.0,246500.0,47800.0,1200000.0,206000.0,856000.0,167900.0,677000.0
2026-05-29,317000.0,2333000.0,423000.0,123300.0,27950.0,1053000.0,3685000.0,241500.0,45450.0,1173000.0,200500.0,801000.0,168300.0,723000.0
2026-06-01,349000.0,2363000.0,404500.0,124900.0,27550.0,1066000.0,3811000.0,267000.0,47600.0,1138000.0,213000.0,776000.0,163000.0,750000.0
2026-06-02,360500.0,2360000.0,383500.0,116000.0,27700.0,995000.0,3544000.0,241500.0,42500.0,1070000.0,203000.0,726000.0,147000.0,729000.0
2026-06-04,351500.0,2298000.0,379500.0,115100.0,28400.0,999000.0,3488000.0,239500.0,42350.0,1068000.0,192700.0,733000.0,141500.0,700000.0
2026-06-05,329000.0,2070000.0,379000.0,112200.0,27750.0,956000.0,3380000.0,227000.0,39950.0,1049000.0,191400.0,726000.0,139000.0,700000.0
2026-06-08,295500.0,1911000.0,358500.0,103100.0,26100.0,889000.0,3196000.0,208000.0,37250.0,1006000.0,175000.0,696000.0,125000.0,639000.0
2026-06-09,322000.0,2215000.0,362500.0,102200.0,25850.0,944000.0,3467000.0,219500.0,38700.0,1016000.0,180900.0,725000.0,127700.0,639000.0
2026-06-10,302500.0,2048000.0,385500.0,110200.0,26000.0,986000.0,3437000.0,236000.0,37450.0,1031000.0,189400.0,790000.0,137600.0,602000.0
2026-06-11,299000.0,2101000.0,375500.0,104500.0,25300.0,1033000.0,3246000.0,229500.0,36950.0,1014000.0,188400.0,764000.0,141900.0,597000.0
2026-06-12,322500.0,2150000.0,398000.0,112700.0,26900.0,1130000.0,3376000.0,222500.0,37850.0,1078000.0,208500.0,772000.0,140900.0,607000.0
2026-06-15,337000.0,2288000.0,422000.0,123400.0,28650.0,1194000.0,3752000.0,257500.0,39950.0,1084000.0,213000.0,845000.0,147600.0,647000.0
2026-06-16,343000.0,2382000.0,438500.0,129200.0,28100.0,1114000.0,3892000.0,257500.0,40700.0,1183000.0,226500.0,1002000.0,154900.0,640000.0
